# Sample size, Layers, Learning rate, Mean, Margin
20,8,0.01,5.088111,0.796996
40,8,0.01,2.271485,0.482764
60,8,0.01,1.994426,0.162277
80,8,0.01,1.394426,0.150461
